"Route","Program","Implementation Date"
"M15+","ABLE","10/07/2019"
"B44+","ABLE","10/30/2019"
"M14+","ABLE","11/21/2019"
"B46+","ABLE","02/19/2020"
"M23+","ABLE","08/10/2020"
"M86+","ABLE","08/10/2020"
"M34+","ABLE","08/10/2020"
"Q44+","ABLE","10/03/2022"
"S79+","ABLE","10/31/2022"
"BX41+","ABLE","11/18/2022"
"BX12+","ABLE","11/18/2022"
"Q43","ABLE","11/28/2022"
"BX19","ABLE","11/28/2022"
"B62","ABLE","12/12/2022"
"B42","ABLE","12/12/2022"
"B25","ABLE","12/12/2022"
"BX35","ABLE","05/01/2023"
"BX36","ABLE","06/12/2023"
"Q58","ABLE","07/14/2023"
"B26","ABLE","09/25/2023"
"Q54","ABLE","11/08/2023"
"M15+","ACE","06/20/2024"
"B44+","ACE","06/20/2024"
"M14+","ACE","06/20/2024"
"B46+","ACE","06/20/2024"
"M23+","ACE","06/20/2024"
"M34+","ACE","06/20/2024"
"Q44+","ACE","06/20/2024"
"BX41+","ACE","06/20/2024"
"BX12+","ACE","06/20/2024"
"B62","ACE","06/20/2024"
"BX36","ACE","06/20/2024"
"Q58","ACE","06/20/2024"
"BX19","ACE","06/20/2024"
"Q54","ACE","06/20/2024"
"Q43","ACE","09/16/2024"
"B42","ACE","09/16/2024"
"BX35","ACE","09/16/2024"
"S79+","ACE","09/16/2024"
"B35","ACE","09/16/2024"
"B41","ACE","09/16/2024"
"BX28","ACE","09/16/2024"
"BX38","ACE","09/16/2024"
"M101","ACE","09/16/2024"
"S46","ACE","09/16/2024"
"M86+","ACE","09/30/2024"
"B25","ACE","09/30/2024"
"B26","ACE","09/30/2024"
"B82+","ACE","09/30/2024"
"BX6+","ACE","09/30/2024"
"M60+","ACE","09/30/2024"
"M79+","ACE","09/30/2024"
"Q5","ACE","09/30/2024"
"Q53+","ACE","09/30/2024"
"Q69","ACE","09/30/2024"
"M2","ACE","05/19/2025"
"M4","ACE","05/19/2025"
"BX5","ACE","05/27/2025"
"M42","ACE","05/27/2025"
"M100","ACE","05/27/2025"
"BX3","ACE","09/15/2025"
"BX7","ACE","09/15/2025"
"BX20","ACE","09/15/2025"
"Q6","ACE","09/15/2025"
"BX22","ACE","10/13/2025"
"M96","ACE","10/13/2025"
"M116","ACE","10/13/2025"
"BX2","ACE","10/13/2025"
"B11","ACE","11/10/2025"
"B63","ACE","11/10/2025"
"BX15","ACE","11/10/2025"
"BX9","ACE","11/10/2025"
"B60","ACE","12/08/2025"
"B68","ACE","12/08/2025"
"M57","ACE","12/08/2025"
